{"cameraMode":{"drawMode":0,"name":"Shaded","section":"Shading Mode"},"sceneLighting":true,"audioPlay":false,"sceneViewState":{"m_AlwaysRefresh":false,"showFog":true,"showSkybox":true,"showFlares":true,"showImageEffects":true,"showParticleSystems":true,"showVisualEffectGraphs":true,"m_FxEnabled":true},"in2DMode":false,"pivot":{"x":-1.7680940628051758,"y":3.3115172386169435,"z":27.89046859741211},"rotation":{"x":-0.021006200462579728,"y":-0.01619860716164112,"z":0.0003398513363208622,"w":-0.9996521472930908},"size":19.64539337158203,"orthographic":false}